1,NES,ACT,ドンキーコング,,2014/12/28
2,NES,ACT,ドンキーコングＪｒ．,,2014/12/28
3,NES,ACT,ポパイ,,2014/12/28
4,NES,TAB,五目ならべ　連珠,,2014/12/28
5,NES,TAB,麻雀,,2014/12/28
6,NES,ACT,マリオブラザーズ,,2014/12/28
7,NES,ETC,ポパイの英語遊び,,2014/12/28
8,NES,SPT,ベースボール,,2014/12/28
9,NES,ETC,ドンキーコングＪｒ．の算数遊び,,2014/12/28
10,NES,SPT,テニス,,2014/12/28
11,NES,TAB,ピンボール,,2014/12/28
12,NES,SHT,ワイルドガンマン,,2014/12/28
13,NES,SHT,ダックハント,,2014/12/28
14,NES,SPT,ゴルフ,,2014/12/28
15,NES,SHT,ホーガンズアレイ,,2014/12/28
16,NES,ETC,ファミリーベーシック,,2014/12/28
17,NES,SHT,ドンキーコング３,,2014/12/28
18,NES,ACT,ナッツ＆ミルク,,2014/12/28
19,NES,PZL,ロードランナー,,2014/12/28
20,NES,SHT,ギャラクシアン,,2014/12/28
21,NES,ACT,デビルワールド,,2014/12/28
22,NES,TAB,４人打ち麻雀,,2014/12/28
23,NES,RAC,Ｆ１レース,,2014/12/28
24,NES,ACT,パックマン,,2014/12/28
25,NES,SHT,ゼビウス,,2014/12/28
26,NES,ACT,アーバンチャンピオン,,2014/12/28
27,NES,ACT,マッピー,,2014/12/28
28,NES,PZL,クルクルランド,,2014/12/28
29,NES,RAC,エキサイトバイク,,2014/12/28
30,NES,ACT,バルーンファイト,,2014/12/28
31,NES,ACT,アイスクライマー,,2014/12/28
32,NES,SHT,エクセリオン,,2014/12/28
33,NES,ETC,ファミリーベーシックＶ３,,2014/12/28
34,NES,SHT,バンゲリングベイ,,2014/12/28
35,NES,SHT,ギャラガ,,2014/12/28
36,NES,SHT,フォーメーションＺ,,2014/12/28
37,NES,SPT,サッカー,,2014/12/28
38,NES,SHT,スペースインベーダー,,2014/12/28
39,NES,PZL,チャンピオンシップロードランナー,,2014/12/28
40,NES,ACT,イーアルカンフー,,2014/12/28
41,NES,ACT,けっきょく南極大冒険,,2014/12/28
42,NES,ACT,忍者くん　魔城の冒険,,2014/12/28
43,NES,PZL,ちゃっくんぽっぷ,,2014/12/28
44,NES,ACT,ディグダグ,,2014/12/28
45,NES,PZL,フラッピー,,2014/12/28
46,NES,ACT,レッキングクルー,,2014/12/28
47,NES,ACT,スパルタンＸ,,2014/12/28
48,NES,SPT,ハイパーオリンピック,,2014/12/28
49,NES,SPT,ハイパーオリンピック殿様版（限定発売）,,2014/12/28
50,NES,SHT,スターフォース,,2014/12/28
51,NES,ACT,エレベーターアクション,,2014/12/28
52,NES,ACT,フィールドコンバット,,2014/12/28
53,NES,RAC,ロードファイター,,2014/12/28
54,NES,ACT,ワープマン,,2014/12/28
55,NES,RAC,ジッピーレース,,2014/12/28
56,NES,PZL,ドアドア,,2014/12/28
57,NES,ACT,スーパーアラビアン,,2014/12/28
58,NES,ETC,ブロック,,2014/12/28
59,NES,ACT,フロントライン,,2014/12/28
60,NES,TAB,本将棋　内藤九段将棋秘伝,,2014/12/28
61,NES,ACT,ドルアーガの塔,,2014/12/28
62,NES,ACT,アストロロボ SASA,,2014/12/28
63,NES,ETC,ジャイロ,,2014/12/28
64,NES,SHT,ゲイモス,,2014/12/28
65,NES,SPT,１０ヤードファイト,,2014/12/28
66,NES,ACT,バトルシティー,,2014/12/28
67,NES,ACT,スーパーマリオブラザーズ,,2014/12/28
68,NES,ACT,プーヤン,,2014/12/28
69,NES,SPT,ハイパースポーツ,,2014/12/28
70,NES,RAC,シティコネクション,,2014/12/28
71,NES,RAC,ルート１６ターボ,,2014/12/28
72,NES,ACT,チャレンジャー,,2014/12/28
73,NES,ACT,キン肉マン　マッスルタッグマッチ,,2014/12/28
74,NES,SHT,スカイデストロイヤー,,2014/12/28
75,NES,ACT,おにゃんこＴＯＷＮ,,2014/12/28
76,NES,ACT,忍者じゃじゃ丸くん,,2014/12/28
77,NES,TAB,パチコン,,2014/12/28
78,NES,ACT,パックランド,,2014/12/28
79,NES,RAC,マッハライダー,,2014/12/28
80,NES,ACT,バーガータイム,,2014/12/28
81,NES,ACT,いっき,,2014/12/28
82,NES,ADV,ポートピア連続殺人事件,,2014/12/28
83,NES,ACT,カラテカ,,2014/12/28
84,NES,TAB,ルナーボール,,2014/12/28
85,NES,SHT,スターラスター,,2014/12/28
86,NES,ACT,スペランカー,,2014/12/28
87,NES,ACT,高機動戦闘メカヴォルガードⅡ,,2014/12/28
88,NES,ACT,超時空要塞マクロス,,2014/12/28
89,NES,SHT,１　９　４　２,,2014/12/28
90,NES,ACT,ダウボーイ,,2014/12/28
91,NES,RPG,ボコスカウォーズ,,2014/12/28
92,NES,SHT,頭脳戦艦ガル,,2014/12/28
93,NES,ACT,オバケのＱ太郎  ワンワンパニック,,2014/12/28
94,NES,ACT,テグザー,,2014/12/28
95,NES,PZL,バイナリィランド,,2014/12/28
96,NES,ACT,ボンバーマン,,2014/12/28
97,NES,SHT,エグゼドエグゼス,,2014/12/28
98,NES,PZL,ロットロット,,2014/12/28
99,NES,ACT,ぺんぎんくんＷＡＲＳ,,2014/12/28
100,NES,SHT,ツインビー,,2014/12/28
101,NES,ACT,ソンソン,,2014/12/28
102,NES,ACT,グーニーズ,,2014/12/28
103,NES,SHT,バルトロン,,2014/12/28
104,NES,ACT,サーカスチャーリー,,2014/12/28
105,NES,ACT,忍者ハットリくん　忍者は修行でござるの巻,,2014/12/28
106,NES,SHT,ジャイロダイン,,2014/12/28
107,NES,RPG,ハイドライドスペシャル,,2014/12/28
108,NES,SHT,マグマックス,,2014/12/28
109,NES,ACT,タッグチームプロレスリング,,2014/12/28
110,NES,SHT,アーガス,,2014/12/28
111,NES,ACT,アトランチスの謎,,2014/12/28
112,NES,ACT,ゲゲゲの鬼太郎　妖怪大魔境,,2014/12/28
113,NES,ACT,影の伝説,,2014/12/28
114,NES,ACT,ディグダグⅡ,,2014/12/28
115,NES,ACT,マイティボンジャック,,2014/12/28
116,NES,ACT,グラディウス,,2014/12/28
117,NES,ETC,けいさんゲームさんすう１年,,2014/12/28
118,NES,ETC,けいさんゲーム算数２年,,2014/12/28
119,NES,ETC,けいさんゲーム算数３年,,2014/12/28
120,NES,ACT,スパイＶＳスパイ,,2014/12/28
121,NES,ACT,セクロス,,2014/12/28
122,NES,RPG,ドラゴンクエスト,,2014/12/28
123,NES,ACT,バードウィーク,,2014/12/28
124,NES,SHT,Ｂウイング　（ビーウイング）,,2014/12/28
125,NES,SHT,スターソルジャー,,2014/12/28
126,NES,ACT,魔界村,,2014/12/28
127,NES,ACT,スーパーチャイニーズ,,2014/12/28
128,NES,ACT,スクーン,,2014/12/28
129,NES,ACT,チョップリフター,,2014/12/28
130,NES,ACT,東海道五十三次,,2014/12/28
131,NES,PZL,バベルの塔,,2014/12/28
132,NES,ACT,がんばれゴエモン！からくり道中,,2014/12/28
133,NES,PZL,ソロモンの鍵,,2014/12/28
134,NES,RPG,ワルキューレの冒険　時の鍵の伝説,,2014/12/28
135,NES,SPT,六三四の剣　ただいま修行中,,2014/12/28
136,NES,ACT,北斗の拳,,2014/12/28
137,NES,ACT,じゃじゃ丸の大冒険,,2014/12/28
138,NES,ACT,スカイキッド,,2014/12/28
139,NES,SHT,機動戦士Ｚガンダム　ホットスクランブル,,2014/12/28
140,NES,SHT,ＡＳＯ,,2014/12/28
141,NES,ACT,スーパーピットフォール,,2014/12/28
142,NES,PZL,バナナ,,2014/12/28
143,NES,ACT,高橋名人の冒険島,,2014/12/28
144,NES,SHT,キングスナイト,,2014/12/28
145,NES,SHT,スーパーゼビウス　ガンプの謎,,2014/12/28
146,NES,ACT,ゴーストバスターズ,,2014/12/28
147,NES,ADV,スペースハンター,,2014/12/28
148,NES,SHT,テラクレスタ,,2014/12/28
149,NES,ACT,戦場の狼,,2014/12/28
150,NES,RAC,バギーポッパー,,2014/12/28
151,NES,ACT,うる星やつらラムのウェディングベル,,2014/12/28
152,NES,ETC,けいさんゲーム算数４年,,2014/12/28
153,NES,ETC,けいさんゲーム算数５・６年　少数・分数のまとめ,,2014/12/28
154,NES,ADV,ミシシッピー殺人事件,,2014/12/28
155,NES,SHT,スーパースターフォース  時空歴の秘密,,2014/12/28
156,NES,SPT,ファミリートレーナーシリーズ１　アスレチックワールド,,2014/12/28
157,NES,TAB,Othello(オセロ),,2014/12/28
158,NES,ACT,迷宮組曲　ミロンの大冒険,,2014/12/28
159,NES,ACT,アイギーナの予言　バルバルークの伝説より,,2014/12/28
160,NES,RPG,元祖西遊記スーパーモンキー大冒険,,2014/12/28
161,NES,ACT,長靴をはいた猫　世界一周８０日大冒険,,2014/12/28
162,NES,ACT,マッピーランド,,2014/12/28
163,NES,ACT,怒  IKARI,,2014/12/28
164,NES,ACT,ドラゴンボール　神龍の謎,,2014/12/28
165,NES,PZL,キャッスルエクセレント,,2014/12/28
166,NES,SPT,ファミリートレーナーシリーズ２　ランニングスタジアム,,2014/12/28
167,NES,SHT,タイガーヘリ,,2014/12/28
168,NES,SLG,ディーヴァ　ストーリー６　ナーサティアの玉座,,2014/12/28
169,NES,ACT,戦え　超ロボット生命体トランスフォーマー　コンボイの謎,,2014/12/28
170,NES,ACT,ホッターマンの地底探険,,2014/12/28
171,NES,ADV,たけしの挑戦状,,2014/12/28
172,NES,SPT,プロ野球　ファミリースタジアム,,2014/12/28
173,NES,ADV,シャーロックホームズ　伯爵令嬢誘拐事件,,2014/12/28
174,NES,ACT,ドラえもん,,2014/12/28
175,NES,RPG,魔鐘,,2014/12/28
176,NES,ACT,メトロクロス,,2014/12/28
177,NES,ACT,キングコング２　怒りのメガトンパンチ,,2014/12/28
178,NES,ACT,マドゥーラの翼,,2014/12/28
179,NES,ACT,聖飢魔Ⅱ　悪魔の逆襲！,,2014/12/28
180,NES,ACT,レイラ,,2014/12/28
181,NES,SLG,コスモジェネシス,,2014/12/28
182,NES,ACT,闘いの挽歌,,2014/12/28
183,NES,ETC,アルカノイド,,2014/12/28
184,NES,ACT,クレイジークライマー,,2014/12/28
185,NES,ADV,時空の旅人,,2014/12/28
186,NES,ACT,火の鳥　鳳凰編我王の冒険,,2014/12/28
187,NES,ACT,ドラゴンバスター,,2014/12/28
188,NES,ACT,ラビリンス　魔王の迷宮,,2014/12/28
189,NES,RPG,ドラゴンクエストⅡ　悪霊の神々,,2014/12/28
190,NES,SPT,ファミリートレーナーシリーズ３　エアロビスタジオ,,2014/12/28
191,NES,ETC,ザ・ブラックバス,,2014/12/28
192,NES,ACT,新人類,,2014/12/28
193,NES,ACT,飛龍の拳　奥義の書,,2014/12/28
194,NES,ACT,ポケットザウルス　十王剣の謎,,2014/12/28
195,NES,ETC,ファミリーシンセ　いきなりミュージシャン,,2014/12/28
196,NES,ACT,ミッキーマウス　不思議の国の大冒険,,2014/12/28
197,NES,ADV,Law of the West 西部の掟,,2014/12/28
198,NES,ADV,タッチ　ミステリーオブトライアングル,,2014/12/28
199,NES,ACT,花のスター街道,,2014/12/28
200,NES,ADV,グーニーズ２　フラッテリー最後の挑戦,,2014/12/28
201,NES,ACT,失われたメッセージ　ロストワードオブジェニー,,2014/12/28
202,NES,ACT,南国指令！！スパイＶＳスパイ,,2014/12/28
203,NES,ADV,さんまの名探偵,,2014/12/28
204,NES,TAB,森田将棋,,2014/12/28
205,NES,ACT,魔界島　七つの島の大冒険,,2014/12/28
206,NES,ACT,熱血硬派くにおくん,,2014/12/28
207,NES,ACT,アルゴスの戦士　はちゃめちゃ大進撃,,2014/12/28
208,NES,ACT,北斗の拳２　世紀末救世主伝説,,2014/12/28
209,NES,SPT,ファミリージョッキー,,2014/12/28
210,NES,SPT,ファミリートレーナーシリーズ４　ジョギングレース,,2014/12/28
211,NES,ACT,妖怪倶楽部,,2014/12/28
212,NES,SPT,ダイナマイトボウル,,2014/12/28
213,NES,ADV,北海道連鎖殺人　オホーツクに消ゆ,,2014/12/28
214,NES,ACT,アテナ,,2014/12/28
215,NES,ACT,高橋名人のＢＵＧってハニー,,2014/12/28
216,NES,RPG,闘人魔境伝　ヘラクレスの栄光　,,2014/12/28
217,NES,SPT,ファミリーボクシング,,2014/12/28
218,NES,ACT,うっでいぽこ,,2014/12/28
219,NES,SPT,燃えろ！！プロ野球,,2014/12/28
220,NES,SPT,燃えろ！！プロ野球（黒）,,2014/12/28
221,NES,ACT,所さんのまもるもせめるも,,2014/12/28
222,NES,RPG,未来神話ジャーヴァス,,2014/12/28
223,NES,RPG,ゾンビハンター,,2014/12/28
224,NES,ACT,月風魔伝,,2014/12/28
225,NES,ACT,ブービーキッズ,,2014/12/28
226,NES,SHT,ヘクター’８７,,2014/12/28
227,NES,RPG,ドラゴンスレイヤーⅣ,,2014/12/28
228,NES,ETC,ジャンボウ,,2014/12/28
229,NES,SHT,ファンタジーゾーン,,2014/12/28
230,NES,ACT,バツ＆テリー　魔境の鉄人レース,,2014/12/28
231,NES,ETC,カラオケスタジオ基本セット,,2014/12/28
232,NES,RPG,チェスターフィールド　暗黒神への挑戦,,2014/12/28
233,NES,SPT,ファミリートレーナーシリーズ５　迷路大作戦,,2014/12/28
234,NES,RAC,ハイウェイスター,,2014/12/28
235,NES,ACT,ボンバーキング,,2014/12/28
236,NES,ACT,ミラクルロピット　2100年の冒険,,2014/12/28
237,NES,ACT,エルナークの財宝,,2014/12/28
238,NES,RPG,聖闘士星矢　黄金伝説,,2014/12/28
239,NES,TAB,ファミリーマージャン,,2014/12/28
240,NES,TAB,囲碁　九路盤対局,,2014/12/28
241,NES,ADV,天下のご意見番　水戸黄門,,2014/12/28
242,NES,ACT,魔城伝説Ⅱ　大魔司教ガリウス　　,,2014/12/28
243,NES,ACT,エアーフォートレス,,2014/12/28
244,NES,ACT,夢幻戦士ヴァリス　the fantasic soldier,,2014/12/28
245,NES,ADV,光の戦士フォトン　惑星ゾルディアスの戦い,,2014/12/28
246,NES,SPT,ファミリートレーナーシリーズ６　マンハッタンポリス,,2014/12/28
247,NES,RPG,シェラザード　アラビアンドリーム,,2014/12/28
248,NES,RPG,ゾイド　中央大陸の戦い,,2014/12/28
249,NES,ADV,ＳＷＡＴ,,2014/12/28
250,NES,RPG,デジタルデビル物語　女神転生,,2014/12/28
251,NES,ACT,スペランカーⅡ　勇者への挑戦,,2014/12/28
252,NES,ACT,つっぱり大相撲,,2014/12/28
253,NES,ACT,バイオ戦士ＤＡＮ　インクリーザーとの闘い,,2014/12/28
254,NES,SHT,スターゲイト,,2014/12/28
255,NES,TAB,井出洋介名人の実践麻雀,,2014/12/28
256,NES,RPG,キョンシーズ２,,2014/12/28
257,NES,ACT,沙羅曼蛇,,2014/12/28
258,NES,SHT,ミリピート　巨大昆虫の逆襲,,2014/12/28
259,NES,RPG,ロマンシア,,2014/12/28
260,NES,ACT,快傑ヤンチャ丸,,2014/12/28
261,NES,RPG,ウルティマ　～恐怖のエクソダス～,,2014/12/28
262,NES,ACT,エスパ冒険隊　魔王の砦,,2014/12/28
263,NES,RPG,インドラの光,,2014/12/28
264,NES,RPG,ミネルバトンサーガ　ラゴンの復活,,2014/12/28
265,NES,RPG,覇邪の封印,,2014/12/28
266,NES,RPG,桃太郎伝説,,2014/12/28
267,NES,RPG,星をみるひと,,2014/12/28
268,NES,ETC,カラオケスタジオ専用カセット　トップヒット２０Ｖｏｌ．１,,2014/12/28
269,NES,SPT,サイドポケット,,2014/12/28
270,NES,ACT,ジャウスト,,2014/12/28
271,NES,PZL,上海,,2014/12/28
272,NES,SPT,マイクタイソンパンチアウト,,2014/12/28
273,NES,ACT,ルパン三世　パンドラの遺産,,2014/12/28
274,NES,SLG,宇宙船コスモキャリア,,2014/12/28
275,NES,RPG,アルテリオス,,2014/12/28
276,NES,RPG,ファザナドゥ,,2014/12/28
277,NES,SPT,ファミリートレーナーシリーズ７　ファミトレ大運動会,,2014/12/28
278,NES,RPG,時空勇伝　デビアス,,2014/12/28
279,NES,RPG,アウトランダーズ,,2014/12/28
280,NES,ACT,スターウォーズ(ナムコ製),,2014/12/28
281,NES,RPG,ドラゴンスクロール　蘇りし魔竜,,2014/12/28
282,NES,ACT,ランボー,,2014/12/28
283,NES,SHT,ＪＪ　（ジェイジェイ）,,2014/12/28
284,NES,SPT,ゴルフ倶楽部　バーディラッシュ,,2014/12/28
285,NES,SHT,トップガン,,2014/12/28
286,NES,SPT,ファミリーテニス,,2014/12/28
287,NES,ADV,京都　龍の寺殺人事件　山村美紗サスペンスシリーズ　,,2014/12/28
288,NES,ETC,鉄道王,,2014/12/28
289,NES,RPG,銀河の三人,,2014/12/28
290,NES,ACT,エキサイティングボクシング,,2014/12/28
291,NES,ACT,ロックマン,,2014/12/28
292,NES,ACT,カルノフ,,2014/12/28
293,NES,SPT,スティックハンター,,2014/12/28
294,NES,RAC,タイトーグランプリ　栄光へのライセンス,,2014/12/28
295,NES,RPG,ファイナルファンタジー,,2014/12/28
296,NES,TAB,目指せパチプロ　パチ夫くん,,2014/12/28
297,NES,RPG,ウィザードリィ,,2014/12/28
298,NES,RPG,ゲゲゲの鬼太郎２　妖怪軍団の挑戦,,2014/12/28
299,NES,SPT,プロ野球ファミリースタジアム８７年度版,,2014/12/28
300,NES,ACT,メタルギア,,2014/12/28
301,NES,SHT,マグナム危機一髪　エンパイアシティー　1931　,,2014/12/28
302,NES,SHT,アタックアニマル学園,,2014/12/28
303,NES,ACT,スーパーマン,,2014/12/28
304,NES,SPT,ファミリートレーナーシリーズ８　突撃！風雲たけし城,,2014/12/28
305,NES,RAC,ファミリーサーキット,,2014/12/28
306,NES,ADV,ソフトハウス連続殺人事件　殺意の階層,,2014/12/28
307,NES,ACT,コナミワイワイワールド,,2014/12/28
308,NES,ACT,スケバン刑事Ⅲ,,2014/12/28
309,NES,ADV,リップルアイランド,,2014/12/28
310,NES,ACT,ドナルドランド,,2014/12/28
311,NES,SPT,ジャンボ尾崎のホールインワン　プロフェッシュナル,,2014/12/28
312,NES,RAC,パリダカールラリースペシャル,,2014/12/28
313,NES,ACT,仮面ライダー倶楽部,,2014/12/28
314,NES,SHT,ガーディック外伝,,2014/12/28
315,NES,ACT,魂斗羅（コントラ）,,2014/12/28
316,NES,RPG,ドラゴンクエストⅢ　そして伝説へ…,,2014/12/28
317,NES,ETC,カラオケスタジオ専用カセット　トップヒット２０Ｖｏｌ．２,,2014/12/28
318,NES,SLG,松本亨の株式必勝学,,2014/12/28
319,NES,ADV,探偵　神宮寺三郎　横浜港連続殺人事件,,2014/12/28
320,NES,ACT,鉄腕アトム,,2014/12/28
321,NES,ACT,ボールブレイザー  (ルーカスフィルムゲーム),,2014/12/28
322,NES,ETC,アルカノイドⅡ,,2014/12/28
323,NES,ACT,シュワルツネッガーのプレデター,,2014/12/28
324,NES,ETC,釣りキチ三平　ブルーマーリン編,,2014/12/28
325,NES,ACT,ローリングサンダー,,2014/12/28
326,NES,SLG,ナポレオン戦記,,2014/12/28
327,NES,SLG,信長の野望　全国版,,2014/12/28
328,NES,TAB,谷川浩司の将棋指南Ⅱ　名人への道,,2014/12/28
329,NES,SPT,ファイティングゴルフ,,2014/12/28
330,NES,ACT,ゴルゴ１３　第一章　神々の黄昏,,2014/12/28
331,NES,RPG,愛の伝説　オリュンポスの戦い,,2014/12/28
332,NES,SLG,武田信玄,,2014/12/28
333,NES,SLG,フリートコマンダー,,2014/12/28
334,NES,ACT,不動明王伝,,2014/12/28
335,NES,ADV,ビーバップハイスクール　高校生極楽伝説,,2014/12/28
336,NES,SLG,独眼竜政宗,,2014/12/28
337,NES,ACT,ジーキル博士の彷魔が刻,,2014/12/28
338,NES,ACT,双截龍（ダブルドラゴン）,,2014/12/28
339,NES,SPT,燃えろ！！プロテニス,,2014/12/28
340,NES,ACT,怒Ⅱ　DOGOSOKEN,,2014/12/28
341,NES,RPG,エリュシオン,,2014/12/28
342,NES,SPT,キャプテン翼,,2014/12/28
343,NES,SLG,砂漠の狐　戦車戦略,,2014/12/28
344,NES,ADV,名探偵ホームズ　霧のロンドン殺人事件,,2014/12/28
345,NES,RPG,ディープダンジョンⅢ　勇士への旅,,2014/12/28
346,NES,ACT,仮面の忍者　赤影,,2014/12/28
347,NES,SLG,将軍　（ＳＨＯＧＵＮ）,,2014/12/28
348,NES,ADV,サラダの国のトマト姫,,2014/12/28
349,NES,SPT,ナムコクラシック,,2014/12/28
350,NES,ACT,忍者くん　阿修羅の章,,2014/12/28
351,NES,RPG,聖闘士星矢　黄金伝説完結編,,2014/12/28
352,NES,ACT,コスモポリス　ギャリバン,,2014/12/28
353,NES,SHT,超惑星戦記　メタファイト,,2014/12/28
354,NES,SHT,1943,,2014/12/28
355,NES,RPG,真田十勇士,,2014/12/28
356,NES,ACT,妖怪道中記,,2014/12/28
357,NES,SPT,究極ハリキリスタジアム,,2014/12/28
358,NES,RPG,スーパーブラックオニキス,,2014/12/28
359,NES,ADV,じゃりん子チエ　ばくだん娘のし幸せさがし,,2014/12/28
360,NES,SLG,ベストプレープロ野球,,2014/12/28
361,NES,ACT,伝説の騎士エルロンド,,2014/12/28
362,NES,ACT,ヒットラーの復活　トップシークレット,,2014/12/28
363,NES,ADV,めぞん一刻,,2014/12/28
364,NES,ACT,カイの冒険,,2014/12/28
365,NES,ACT,カケフくんのジャンプ天国　スピード地獄,,2014/12/28
366,NES,ACT,レインボーアイランド,,2014/12/28
367,NES,SPT,熱血高校ドッジボール部,,2014/12/28
368,NES,SHT,グレートタンク,,2014/12/28
369,NES,SLG,三国志　中原の覇者,,2014/12/28
370,NES,ACT,飛龍の拳Ⅱ　ドラゴンの翼,,2014/12/28
371,NES,SPT,スーパーリアルベースボール '88,,2014/12/28
372,NES,ADV,太陽の神殿　アステカⅡ,,2014/12/28
373,NES,PZL,エッガーランド　迷宮の復活,,2014/12/28
374,NES,SLG,ザ・マネーゲーム,,2014/12/28
375,NES,ADV,闘将！！拉麺男　炸裂超人一○二芸,,2014/12/28
376,NES,SPT,燃えろ！！プロ野球’８８決定版,,2014/12/28
377,NES,ADV,水戸黄門Ⅱ　世界漫遊記,,2014/12/28
378,NES,SPT,サッカーリーグウィナーズカップ,,2014/12/28
379,NES,RPG,ドラゴンボール　大魔王復活,,2014/12/28
380,NES,RAC,ファイナルラップ,,2014/12/28
381,NES,SLG,ファミコンウォーズ,,2014/12/28
382,NES,ACT,マッドシティ,,2014/12/28
383,NES,SLG,不如帰　（ほととぎす）,,2014/12/28
384,NES,ETC,スーパーピンボール,,2014/12/28
385,NES,RPG,イース,,2014/12/28
386,NES,SPT,スーパーダイナミックバトミントン,,2014/12/28
387,NES,SHT,亀の恩返し,,2014/12/28
388,NES,TAB,ファミコン 名人戦,,2014/12/28
389,NES,ADV,マニアックマンション,,2014/12/28
390,NES,SPT,コナミックスポーツ　イン　ソウル,,2014/12/28
391,NES,ACT,霊幻道士,,2014/12/28
392,NES,ADV,孔雀王,,2014/12/28
393,NES,ETC,ドナルドダック,,2014/12/28
394,NES,ACT,エイトアイズ,,2014/12/28
395,NES,ADV,えりかとさとるの夢冒険,,2014/12/28
396,NES,TAB,ＶＩＶＡ　ＬＡＳ  ＶＥＧＡＳ,,2014/12/28
397,NES,RAC,ナイトライダー,,2014/12/28
398,NES,SLG,ベストプレープロ野球　新データ,,2014/12/28
399,NES,SLG,大戦略,,2014/12/28
400,NES,ETC,ザ・ブラックバスⅡ,,2014/12/28
401,NES,SHT,コブラコマンド,,2014/12/28
402,NES,RPG,源平討魔伝,,2014/12/28
403,NES,ACT,スーパーマリオブラザーズ３,,2014/12/28
404,NES,SLG,アメリカ大統領選挙,,2014/12/28
405,NES,SLG,三國志,,2014/12/28
406,NES,ADV,東方見文録,,2014/12/28
407,NES,SPT,アメリカンフットボール  タッチダウンフィーバー,,2014/12/28
408,NES,TAB,ぎゅわんぶらあ自己中心派,,2014/12/28
409,NES,ACT,西遊記ワールド,,2014/12/28
410,NES,ETC,ファミリークイズ４人はライバル,,2014/12/28
411,NES,RPG,貝獣物語,,2014/12/28
412,NES,ADV,ディジャブ　悪魔は本当にやって来た,,2014/12/28
413,NES,SPT,燃えろ！！ジュニアバスケット　TWO ON TWO,,2014/12/28
414,NES,ETC,たけしの戦国風雲児,,2014/12/28
415,NES,TAB,ファミリーマージャンⅡ　上海への道,,2014/12/28
416,NES,ETC,中国占星術,,2014/12/28
417,NES,ACT,エイリアンシンドローム,,2014/12/28
418,NES,TAB,桃太郎電鉄,,2014/12/28
419,NES,ACT,突然！マッチョマン,,2014/12/28
420,NES,SLG,半熟英雄,,2014/12/28
421,NES,SLG,キングオブキングス,,2014/12/28
422,NES,SLG,ゴジラ,,2014/12/28
423,NES,RAC,中嶋悟監修Ｆ－１ヒーロー,,2014/12/28
424,NES,ACT,忍者龍剣伝,,2014/12/28
425,NES,ETC,８９電脳九星占い　by Gingukan,,2014/12/28
426,NES,ACT,ファイティングロード,,2014/12/28
427,NES,ADV,かぐや姫伝説,,2014/12/28
428,NES,ACT,キャプテン　シルバー,,2014/12/28
429,NES,ACT,グラディウスⅡ,,2014/12/28
430,NES,RAC,ザ トライアスロン,,2014/12/28
431,NES,SPT,究極ハリキリスタジアム’８８選手新データバージョン,,2014/12/28
432,NES,RAC,サイクルレースロードマン～激走!!日本一周4000km～,,2014/12/28
433,NES,RAC,トップライダー,,2014/12/28
434,NES,RPG,ファイナルファンタジーⅡ,,2014/12/28
435,NES,SPT,ファミリートレーナーシリーズ９　風雲たけし城二,,2014/12/28
436,NES,SHT,ファンタジーゾーンⅡ　オパオパの涙,,2014/12/28
437,NES,SPT,プロ野球　ファミリースタジアム’８８年度版,,2014/12/28
438,NES,TAB,ローラーボール,,2014/12/28
439,NES,SLG,銀河英雄伝説　わが征くは星の大海,,2014/12/28
440,NES,PZL,テトリス,,2014/12/28
441,NES,SPT,燃えろ！！プロサッカー,,2014/12/28
442,NES,ADV,アキラ,,2014/12/28
443,NES,ACT,エアーウルフ,,2014/12/28
444,NES,ADV,小公子セディ　（ファミコンドラマ）,,2014/12/28
445,NES,ADV,プロ野球？殺人事件！,,2014/12/28
446,NES,ACT,ロックマン２　Ｄｒ．ワイリーの謎,,2014/12/28
447,NES,SHT,ゲバラ,,2014/12/28
448,NES,ACT,がんばれゴエモン２,,2014/12/28
449,NES,SHT,スペースハリアー,,2014/12/28
450,NES,TAB,１００万＄キッド　幻の帝王編,,2014/12/28
451,NES,ADV,西村京太郎ミステリー　ブルートレイン殺人事件,,2014/12/28
452,NES,RPG,里見八犬伝,,2014/12/28
453,NES,RPG,ゾイド２　ゼネバスの逆襲,,2014/12/28
454,NES,RAC,モトクロスチャンピオン,,2014/12/28
455,NES,ACT,電撃ビッグバン,,2014/12/28
456,NES,TAB,パチ夫くん２,,2014/12/28
457,NES,SPT,ファミリートレーナーシリーズ１０　来来キョンシーズ　ベビーキョンシーのあみだ大冒険,,2014/12/28
458,NES,RAC,ワールドグランプリ　POLE to FINISH (ポール・トゥ・フィニッシュ),,2014/12/28
459,NES,ACT,トムソーヤの冒険,,2014/12/28
460,NES,ACT,ワギャンランド,,2014/12/28
461,NES,ADV,赤龍王,,2014/12/28
462,NES,ADV,京都　花の密室殺人事件　山村美紗サスペンスシリーズ　,,2014/12/28
463,NES,RPG,ファミコンジャンプ　英雄列伝,,2014/12/28
464,NES,RPG,ハイドライド３　闇からの訪問者,,2014/12/28
465,NES,ACT,飛ｉｎｇヒーロー（フライングヒーロー）,,2014/12/28
466,NES,SHT,スペースシャドー,,2014/12/28
467,NES,RPG,ウィザードリィⅡ　リルガミンの遺産,,2014/12/28
468,NES,RPG,百鬼夜行,,2014/12/28
469,NES,SPT,がんばれペナントレース！,,2014/12/28
470,NES,ACT,魁！男塾　疾風一号生,,2014/12/28
471,NES,TAB,早打ちスーパー囲碁,,2014/12/28
472,NES,ADV,ジーザス  恐怖のバイオモンスター,,2014/12/28
473,NES,TAB,爆笑！！人生劇場,,2014/12/28
474,NES,TAB,ファミリーピンボール,,2014/12/28
475,NES,ADV,暗黒神話　ヤマトタケル伝説,,2014/12/28
476,NES,RPG,じゃじゃ丸忍法帳,,2014/12/28
477,NES,SPT,ペナントリーグ　ホームランナイター,,2014/12/28
478,NES,SHT,アフターバーナー,,2014/12/28
479,NES,SHT,オペレーションウルフ,,2014/12/28
480,NES,ADV,シャドウゲイト,,2014/12/28
481,NES,SLG,松本亨の株式必勝学Ⅱ,,2014/12/28
482,NES,ACT,ガーフィールドの一週間,,2014/12/28
483,NES,SHT,ドラゴンスピリット　新たなる伝説,,2014/12/28
484,NES,ETC,マインドシーカー,,2014/12/28
485,NES,SLG,蒼き狼と白き牝鹿　ジンギスカン,,2014/12/28
486,NES,ACT,ダウンタウン熱血物語,,2014/12/28
487,NES,ADV,デビルマン,,2014/12/28
488,NES,ACT,ドラゴンバスターⅡ　闇の封印,,2014/12/28
489,NES,ACT,ＨＯＬＹ　ＤＩＶＥＲ　（ホーリーダイヴァー）,,2014/12/28
490,NES,SLG,KEIBA SIMULATION　本命(競馬シュミレーション本命),,2014/12/28
491,NES,ADV,名探偵ホームズ　Ｍからの挑戦状,,2014/12/28
492,NES,SLG,株式道場　実践編,,2014/12/28
493,NES,ACT,激亀忍者伝,,2014/12/28
494,NES,SPT,めざせ三冠王　ベースボールスター,,2014/12/28
495,NES,RPG,天地を喰らう,,2014/12/28
496,NES,RPG,スーパーチャイニーズ２　ドラゴンキッド,,2014/12/28
497,NES,TAB,帰って来た！軍人将棋　なんやそれ？,,2014/12/28
498,NES,RPG,ラサール石井のチャイルズクエスト,,2014/12/28
499,NES,SLG,ＳＤガンダムワールドガチャポン戦士２　カプセル戦記,,2014/12/28
500,NES,ACT,クインティ,,2014/12/28
501,NES,ADV,マーダークラブ,,2014/12/28
502,NES,ACT,脱獄  PRISONERS OF WAR,,2014/12/28
503,NES,SPT,新燃えろプロ野球,,2014/12/28
504,NES,ACT,ドラゴンニンジャ,,2014/12/28
505,NES,RPG,ホワイトライオン伝説　ピラミットの彼方に,,2014/12/28
506,NES,TAB,囲碁指南,,2014/12/28
507,NES,RPG,ウィロー,,2014/12/28
508,NES,ACT,必殺道場破り,,2014/12/28
509,NES,ACT,ケルナグール,,2014/12/28
510,NES,RPG,ファリア　封印の剣,,2014/12/28
511,NES,SPT,究極ハリキリスタジアム平成元年版,,2014/12/28
512,NES,SPT,全米プロバスケット,,2014/12/28
513,NES,SPT,パーフェクト ボウリング,,2014/12/28
514,NES,RPG,MOTHER(マザー),,2014/12/28
515,NES,ADV,美味しんぼ　究極のメニュー三本勝負,,2014/12/28
516,NES,SPT,ファミスタ’８９開幕版,,2014/12/28
517,NES,ACT,スプラッターハウス　わんぱくグラフィティ,,2014/12/28
518,NES,SLG,コズミックウォーズ,,2014/12/28
519,NES,SHT,究極タイガー,,2014/12/28
520,NES,ACT,燃えるお兄さん,,2014/12/28
521,NES,SPT,名門第三野球部,,2014/12/28
522,NES,SLG,ムーランルージュ戦記 メルヴィルの炎,,2014/12/28
523,NES,SLG,武田信玄2　スーパー戦国シュミレーションゲーム,,2014/12/28
524,NES,SHT,キャプテンＥＤ　（えど）,,2014/12/28
525,NES,RAC,レーサーミニ四駆　ジャパンカップ,,2014/12/28
526,NES,ACT,ロボコップ,,2014/12/28
527,NES,ACT,激闘プロレス！！闘魂伝説,,2014/12/28
528,NES,ADV,アイドル八犬伝,,2014/12/28
529,NES,TAB,谷川浩司の将棋指南Ⅲ,,2014/12/28
530,NES,ADV,マルサの女,,2014/12/28
531,NES,RPG,ウルティマ　聖者への道,,2014/12/28
532,NES,SHT,中華大仙,,2014/12/28
533,NES,TAB,アメリカンドリーム (AMERICAN DREAM),,2014/12/28
534,NES,SHT,サンダーバード,,2014/12/28
535,NES,SHT,ツインビー３　ポコポコ大魔王,,2014/12/28
536,NES,ADV,マハラジャ,,2014/12/28
537,NES,ADV,悪魔の招待状,,2014/12/28
538,NES,RPG,明治維新,,2014/12/28
539,NES,PZL,落っことしパズルとんじゃん,,2014/12/28
540,NES,SPT,甲子園,,2014/12/28
541,NES,SPT,ワールドスーパーテニス,,2014/12/28
542,NES,SLG,ヴィナス戦記,,2014/12/28
543,NES,RPG,北斗の拳３　新世紀創造　凄拳列伝,,2014/12/28
544,NES,SPT,ソフトボール天国,,2014/12/28
545,NES,RPG,ドラゴンボール３　悟空伝,,2014/12/28
546,NES,SPT,メジャーリーグ,,2014/12/28
547,NES,SPT,超人ウルトラベースボール,,2014/12/28
548,NES,ACT,田代まさしのプリンセスがいっぱい,,2014/12/28
549,NES,TAB,麻雀大会,,2014/12/28
550,NES,ADV,御存知弥次喜多珍道中,,2014/12/28
551,NES,SPT,Ｕ．Ｓ．チャンピオンシップ　Ｖ’ＢＡＬＬ　,,2014/12/28
552,NES,RPG,ダンジョン＆マジック　SWORDS OF ELEMENT(ソード　オブ　エレメント),,2014/12/28
553,NES,RAC,激突四駆バトル,,2014/12/28
554,NES,ACT,忍者ＣＯＰ サイゾウ,,2014/12/28
555,NES,SHT,コズミック イプシロン,,2014/12/28
556,NES,TAB,ベガスコネクション　カジノより愛をこめて,,2014/12/28
557,NES,ACT,寺尾のどすこい大相撲,,2014/12/28
558,NES,SPT,ゴルフッ子オープン,,2014/12/28
559,NES,RPG,スクウェアのトムソーヤ,,2014/12/28
560,NES,SLG,コンフリクト,,2014/12/28
561,NES,RPG,TAO(タオ)　道,,2014/12/28
562,NES,ACT,ホステージ,,2014/12/28
563,NES,SLG,未来戦史ライオス,,2014/12/28
564,NES,ADV,おそ松くん　バックトゥザミーの出っ歯の巻,,2014/12/28
565,NES,ACT,スーパーモグラたたき　ぽっくんモグラー,,2014/12/28
566,NES,RAC,タイトーチェイスＨ．Ｑ．,,2014/12/28
567,NES,RPG,光と闇の戦い　新里見八犬伝　,,2014/12/28
568,NES,ADV,星霊狩り,,2014/12/28
569,NES,ACT,SUPER STAR プロレスリング,,2014/12/28
570,NES,SHT,アバドックス,,2014/12/28
571,NES,ADV,かってにシロクマ　もりをすくえのまき,,2014/12/28
572,NES,RPG,スウィートホーム,,2014/12/28
573,NES,SHT,トップガン　デュアルファイターズ,,2014/12/28
574,NES,TAB,ピンボールクエスト,,2014/12/28
575,NES,SPT,ファミコン野球盤,,2014/12/28
576,NES,PZL,フリップル,,2014/12/28
577,NES,SPT,激闘スタジアム,,2014/12/28
578,NES,RPG,神仙伝,,2014/12/28
579,NES,SPT,Ｉ　ＬＯＶＥ　ソフトボール,,2014/12/28
580,NES,SPT,エモやんの１０倍プロ野球　セリーグ編,,2014/12/28
581,NES,SPT,クォーターバックスクランブル,,2014/12/28
582,NES,SPT,ファミスタ’９０,,2014/12/28
583,NES,SLG,ザ・マネーゲームⅡ　兜町の奇跡,,2014/12/28
584,NES,ACT,ザロードオブキング,,2014/12/28
585,NES,ADV,ＴＭ　ＮＥＴＷＯＲＫ　ＬＩＶＥ　ＩＮ　ＰＯＷＥＲ　ＢＯＷＬ,,2014/12/28
586,NES,ACT,バットマン,,2014/12/28
587,NES,ACT,マッピーキッズ,,2014/12/28
588,NES,ACT,悪魔城伝説,,2014/12/28
589,NES,ACT,双截龍Ⅱ　The Revenge,,2014/12/28
590,NES,RPG,ヘラクレスの栄光Ⅱ　タイタンの滅亡,,2014/12/28
591,NES,TAB,中国雀士物語　東風（トンフー）,,2014/12/28
592,NES,SLG,名門！多古西応援団,,2014/12/28
593,NES,SPT,スーパーラグビー,,2014/12/28
594,NES,RPG,がんばれゴエモン外伝　きえた黄金キセル,,2014/12/28
595,NES,PZL,アドベンチャーズ　オブ　ロロ,,2014/12/28
596,NES,TAB,囲碁名鑑,,2014/12/28
597,NES,ACT,わんぱくダック夢冒険　DUCK TALES,,2014/12/28
598,NES,PZL,キャデラック,,2014/12/28
599,NES,ACT,SUPER魂斗羅（スーパーコントラ）,,2014/12/28
600,NES,SLG,信長の野望　戦国群雄伝,,2014/12/28
601,NES,ACT,もっともあぶない刑事,,2014/12/28
602,NES,RPG,ドラゴンクエストⅣ　導かれし者たち,,2014/12/28
603,NES,PZL,アークティック,,2014/12/28
604,NES,ACT,キテレツ大百科,,2014/12/28
605,NES,ACT,デッドフォックス,,2014/12/28
606,NES,RPG,悪魔くん　魔界の罠,,2014/12/28
607,NES,ACT,ドラゴンユニット,,2014/12/28
608,NES,ADV,西村京太郎ミステリー　スーパーエクスプレス殺人事件,,2014/12/28
609,NES,SLG,プレジデントの選択,,2014/12/28
610,NES,ACT,ヘビーバレル,,2014/12/28
611,NES,RPG,ウィザードリィⅢ　ダイヤモンドの騎士,,2014/12/28
612,NES,ACT,ドンドコドン,,2014/12/28
613,NES,ACT,モアイくん,,2014/12/28
614,NES,SHT,イメージファイト,,2014/12/28
615,NES,ACT,仮面の忍者　花丸,,2014/12/28
616,NES,ACT,怒Ⅲ,,2014/12/28
617,NES,RPG,サンサーラナーガ,,2014/12/28
618,NES,ACT,バルダーダッシュ,,2014/12/28
619,NES,RPG,魔神英雄伝ワタル外伝,,2014/12/28
620,NES,SPT,パワーサッカー,,2014/12/28
621,NES,SLG,ベストプレープロ野球Ⅱ,,2014/12/28
622,NES,ETC,井崎脩五郎の競馬必勝学,,2014/12/28
623,NES,RPG,魍魎戦記　MADARA　(魔陀羅　マダラ）,,2014/12/28
624,NES,RPG,ディープダンジョンⅣ　黒の妖術師,,2014/12/28
625,NES,RPG,デジタルデビル物語　女神転生Ⅱ,,2014/12/28
626,NES,ACT,忍者龍剣伝Ⅱ　暗黒の邪神剣,,2014/12/28
627,NES,RPG,ウルトラマン倶楽部２　帰ってきたウルトラマン倶楽部,,2014/12/28
628,NES,SLG,ガンヘッド　新たなる戦い,,2014/12/28
629,NES,PZL,クォース,,2014/12/28
630,NES,RPG,ゴッドスレイヤー　はるか天空のソナタ,,2014/12/28
631,NES,ACT,ＳＤバトル大相撲　平成ヒーロー場所,,2014/12/28
632,NES,ACT,パワーブレイザー,,2014/12/28
633,NES,SLG,ファイアーエムブレム　暗黒竜と光の剣,,2014/12/28
634,NES,ETC,黒鉄ヒロシの予想大好き！勝馬伝説,,2014/12/28
635,NES,RPG,ファイナルファンタジーⅢ,,2014/12/28
636,NES,RPG,影狼伝説,,2014/12/28
637,NES,ETC,キャッスルクエスト,,2014/12/28
638,NES,SPT,熱血高校ドッジボール部サッカー編,,2014/12/28
639,NES,RPG,イースⅡ　ANCIENT YS VANISHED THE FINAL CHAPTER,,2014/12/28
640,NES,SLG,馬券必勝学　ゲートイン,,2014/12/28
641,NES,RPG,じゃじゃ丸撃魔伝　幻の金魔城,,2014/12/28
642,NES,ACT,チップとデールの大作戦,,2014/12/28
643,NES,RAC,ダッシュ野郎,,2014/12/28
644,NES,SLG,バトルフリート,,2014/12/28
645,NES,ACT,ファイナルミッション,,2014/12/28
646,NES,SLG,水滸伝　天命の誓い,,2014/12/28
647,NES,SPT,燃えろ！！柔道ＷＡＲＲＩＯＲＳ,,2014/12/28
648,NES,PZL,迷宮島,,2014/12/28
649,NES,PZL,ハットリス,,2014/12/28
650,NES,PZL,パラメデス,,2014/12/28
651,NES,ACT,飛龍の拳Ⅲ　五人の龍戦士,,2014/12/28
652,NES,ACT,ＳＤヒーロー総決戦　倒せ悪の軍団,,2014/12/28
653,NES,ACT,wit's (ウイッツ),,2014/12/28
654,NES,SPT,キャプテン翼Ⅱ　スーパーストライカー,,2014/12/28
655,NES,ACT,ソルスティス　三次元迷宮の狂獣,,2014/12/28
656,NES,TAB,ニチブツマージャンⅢ　マージャンＧメン,,2014/12/28
657,NES,SHT,無頼戦士（ブライファイター）,,2014/12/28
658,NES,ACT,獣王記,,2014/12/28
659,NES,SPT,ザ・ペナントリーグ　ホームランナイター’９０　ペナントリーグ,,2014/12/28
660,NES,ACT,ゴルゴ１３　第二章　イカロスの謎,,2014/12/28
661,NES,RPG,ステッド　遺跡惑星の野望,,2014/12/28
662,NES,PZL,Dr.マリオ(ドクターマリオ),,2014/12/28
663,NES,RPG,ビックリマンワールド　激突聖戦士,,2014/12/28
664,NES,SPT,燃えプロ！’９０　感動編,,2014/12/28
665,NES,RPG,Might and Magic(マイトアンドマジック),,2014/12/28
666,NES,ETC,ゲームパーティー,,2014/12/28
667,NES,ACT,ハッピーバースディバックス,,2014/12/28
668,NES,ACT,２０１０　ストリートファイター,,2014/12/28
669,NES,RPG,忍者らホイ！　痛快うんがちょこ忍法伝,,2014/12/28
670,NES,ACT,闇の仕事人　ＫＡＧＥ,,2014/12/28
671,NES,ACT,タイタン,,2014/12/28
672,NES,ACT,ドラゴンファイター,,2014/12/28
673,NES,PZL,ぱられるワールド,,2014/12/28
674,NES,PZL,ピーパータイム,,2014/12/28
675,NES,ACT,ラフ,,2014/12/28
676,NES,RPG,川のぬし釣り,,2014/12/28
677,NES,SPT,日本一の名監督,,2014/12/28
678,NES,RPG,ＳＤガンダム外伝　ナイトガンダム物語,,2014/12/28
679,NES,PZL,ブロディアランド,,2014/12/28
680,NES,ADV,孔雀王Ⅱ,,2014/12/28
681,NES,PZL,上海Ⅱ,,2014/12/28
682,NES,ACT,魔天童子,,2014/12/28
683,NES,TAB,雀豪,,2014/12/28
684,NES,ETC,ダンジョンキッド,,2014/12/28
685,NES,SHT,宇宙警備隊　ＳＤＦ,,2014/12/28
686,NES,SLG,ＳＤ戦国武将列伝　烈火のごとく天下を盗れ！,,2014/12/28
687,NES,SPT,ワールドボクシング,,2014/12/28
688,NES,RPG,ドラえもん　ギガゾンビの逆襲,,2014/12/28
689,NES,SLG,リトルマジック,,2014/12/28
690,NES,TAB,爆笑！スターものまね四天王,,2014/12/28
691,NES,SLG,維新の嵐,,2014/12/28
692,NES,ACT,インセクターＸ,,2014/12/28
693,NES,TAB,田村光昭　麻雀ゼミナール,,2014/12/28
694,NES,SLG,ノースアンドサウス　わくわく南北戦争,,2014/12/28
695,NES,ACT,マジックジョン,,2014/12/28
696,NES,ACT,ロックマン３　Ｄｒ．ワイリーの最期！？,,2014/12/28
697,NES,ADV,探偵　神宮寺三郎　時の過ぎゆくままに・・・,,2014/12/28
698,NES,SHT,ガンナック,,2014/12/28
699,NES,SPT,ダウンタウン熱血行進曲  それゆけ大運動会,,2014/12/28
700,NES,RPG,ブラッディウァリアーズ　シャンゴーの逆襲,,2014/12/28
701,NES,TAB,まじゃべんちゃー　麻雀戦記,,2014/12/28
702,NES,ACT,悪魔城すぺしゃる　ぼくドラキュラくん,,2014/12/28
703,NES,SPT,シャッフルパックカフェ,,2014/12/28
704,NES,ETC,おえかキッズ　アンパンマンとおえかきしよう,,2014/12/28
705,NES,RAC,アストロファング,,2014/12/28
706,NES,SPT,なんてったって！！ベースボール,,2014/12/28
707,NES,SLG,水島新司の大甲子園,,2014/12/28
708,NES,RPG,ドラゴンボールＺ　強襲！サイヤ人,,2014/12/28
709,NES,TAB,パチ夫くん３　帰ってきたパチ夫くん,,2014/12/28
710,NES,ACT,クロスファイヤー,,2014/12/28
711,NES,SLG,三國志Ⅱ,,2014/12/28
712,NES,ADV,京都財テク殺人事件　（山村美紗サスペンスシリーズ）　,,2014/12/28
713,NES,ADV,ラストハルマゲドン,,2014/12/28
714,NES,PZL,サンリオカーニバル,,2014/12/28
715,NES,ACT,ふしぎなブロビー－ブロバニアの危機－,,2014/12/28
716,NES,SPT,テクモボウル,,2014/12/28
717,NES,SHT,パロディウスだ！,,2014/12/28
718,NES,ACT,迷宮の達人　大迷路,,2014/12/28
719,NES,ACT,ティーンエージ　ミュータント　ニンジャ　タートルズ,,2014/12/28
720,NES,TAB,ぎゅわんぶらあ自己中心派２,,2014/12/28
721,NES,RPG,タイムズオブロア　～失われたメダリオン,,2014/12/28
722,NES,SPT,テクモワールドカップサッカー,,2014/12/28
723,NES,ACT,パジャマヒーロー　ＮＥＭＯ,,2014/12/28
724,NES,SPT,グレートボクシング　RUSH UP（ラッシュアップ),,2014/12/28
725,NES,ACT,西遊記ワールドⅡ　天上界の魔神,,2014/12/28
726,NES,ACT,千代の富士の大銀杏,,2014/12/28
727,NES,ACT,ワギャンランド２,,2014/12/28
728,NES,SLG,ファミコントップマネジメント,,2014/12/28
729,NES,SLG,ベストプレープロ野球’９０,,2014/12/28
730,NES,PZL,KLAX(クラックス),,2014/12/28
731,NES,ACT,グレムリン２－新種誕生－,,2014/12/28
732,NES,ACT,龍牙　忍者クルセイダーズ,,2014/12/28
733,NES,ACT,まじかるキッズどろぴー,,2014/12/28
734,NES,ACT,メタルフレーム　サイバスター,,2014/12/28
735,NES,ADV,必殺仕事人　のさばる悪のある限り、仕事人の血が騒ぐ,,2014/12/28
736,NES,ACT,暴れん坊天狗,,2014/12/28
737,NES,ACT,ジャンピンキッド　ジャックと豆の木ものがたり,,2014/12/28
738,NES,ACT,パーマン,,2014/12/28
739,NES,SPT,バトルスタジアム　選抜プロ野球,,2014/12/28
740,NES,SLG,メカ生命体ゾイド　黙示録,,2014/12/28
741,NES,ACT,剣の達人　ソードマスター,,2014/12/28
742,NES,RPG,バーズテイル　知られざる物語,,2014/12/28
743,NES,SPT,ファミスタ’９１,,2014/12/28
744,NES,SLG,大怪獣デブラス,,2014/12/28
745,NES,ACT,地獄極楽丸,,2014/12/28
746,NES,SLG,ＳＤガンダム　ガチャポン戦士３　英雄戦記,,2014/12/28
747,NES,ACT,ムサシの冒険,,2014/12/28
748,NES,ACT,ＮＥＷ ゴーストバスターズ２,,2014/12/28
749,NES,PZL,アドベンチャーズ　オブ　ロロⅡ,,2014/12/28
750,NES,TAB,爆笑！愛の劇場,,2014/12/28
751,NES,RPG,じゅうべえくえすと,,2014/12/28
752,NES,ACT,ワイワイワールド２　ＳＯＳ！パセリ城,,2014/12/28
753,NES,ACT,ジャッキーチェン,,2014/12/28
754,NES,TAB,ドラドラドラ 幸運を呼ぶゲーム,,2014/12/28
755,NES,ACT,夢ペンギン物語,,2014/12/28
756,NES,ACT,ペーパーボーイ,,2014/12/28
757,NES,SPT,ゴルフグランドスラム,,2014/12/28
758,NES,RPG,ダークロード,,2014/12/28
759,NES,SPT,チャンピオンシップボーリング,,2014/12/28
760,NES,ADV,赤川次郎の幽霊列車,,2014/12/28
761,NES,ACT,パラソルヘンべえ　おとぎの国は大さわぎ！,,2014/12/28
762,NES,TAB,ファミコン将棋　竜王戦,,2014/12/28
763,NES,SHT,マックスウォーリアー～惑星戒厳令～,,2014/12/28
764,NES,SPT,ミニパット,,2014/12/28
765,NES,TAB,井出洋介名人の実践麻雀Ⅱ,,2014/12/28
766,NES,ACT,双截龍Ⅲ　The Rosetta Stone,,2014/12/28
767,NES,RPG,虹のシルクロード　～ジグザグ冒険記～,,2014/12/28
768,NES,ACT,グランドマスター,,2014/12/28
769,NES,SPT,なんてったってベースボール　子ガメカセットＯＢオールスター編,,2014/12/28
770,NES,RPG,スーパーチャイニーズ３,,2014/12/28
771,NES,SPT,究極ハリキリスタジアムⅢ,,2014/12/28
772,NES,RPG,Advanced Dungeon&Dragons ヒーローオブランス,,2014/12/28
773,NES,TAB,ナムコット麻雀Ⅲ　マージャン天国,,2014/12/28
774,NES,SHT,ガンサイト,,2014/12/28
775,NES,SLG,ふしぎの海のナディア,,2014/12/28
776,NES,SLG,大航海時代,,2014/12/28
777,NES,RPG,Advanced Dungeon&Dragons ヒルズファー,,2014/12/28
778,NES,ETC,いただきストリート　私のお店によってって,,2014/12/28
779,NES,RPG,シャドウブレイン,,2014/12/28
780,NES,ACT,まじかる☆タルるートくん　FANTASTIC WORLD(ファンタスティックワールド),,2014/12/28
781,NES,TAB,爆笑！！人生劇場２,,2014/12/28
782,NES,ETC,おえかキッズ　アンパンマンのひらがなだいすき,,2014/12/28
783,NES,ACT,けろけろけろっぴの大冒険,,2014/12/28
784,NES,ACT,忍者じゃじゃ丸　銀河大作戦,,2014/12/28
785,NES,RPG,北斗の拳４　七星覇拳伝　北斗神拳の彼方へ,,2014/12/28
786,NES,ACT,ロボコップ２,,2014/12/28
787,NES,ACT,ニューヨーク　ニャンキーズ,,2014/12/28
788,NES,ETC,おぼっちゃまくん,,2014/12/28
789,NES,RPG,天地を喰らうⅡ　諸葛孔明伝,,2014/12/28
790,NES,PZL,ゴルビーのパイプライン大作戦,,2014/12/28
791,NES,SHT,ツインイーグル,,2014/12/28
792,NES,ACT,ファミリーブロック,,2014/12/28
793,NES,TAB,麻雀倶楽部永田町－総裁戦－,,2014/12/28
794,NES,ACT,ガンデック　（ＧＵＮ－ＤＥＣ）,,2014/12/28
795,NES,SHT,オーバーホライゾン,,2014/12/28
796,NES,SPT,タイトーバスケットボール,,2014/12/28
797,NES,TAB,マジックダーツ,,2014/12/28
798,NES,RPG,ラグランジュポイント,,2014/12/28
799,NES,ACT,高橋名人の冒険島Ⅱ,,2014/12/28
800,NES,PZL,紫禁城,,2014/12/28
801,NES,ACT,ココロン,,2014/12/28
802,NES,PZL,パラメデスⅡ,,2014/12/28
803,NES,SHT,ファジカルファイター,,2014/12/28
804,NES,SLG,ランペルール,,2014/12/28
805,NES,SHT,テトラスター,,2014/12/28
806,NES,RPG,メタルマックス,,2014/12/28
807,NES,PZL,エジプト,,2014/12/28
808,NES,SPT,なんてったってベースボール　子ガメカセット’９１開幕編,,2014/12/28
809,NES,ACT,忍者龍剣伝Ⅲ　～黄泉の方舟～,,2014/12/28
810,NES,ACT,飛龍の拳スペシャル　ファイティングウォーズ,,2014/12/28
811,NES,RPG,Advanced Dungeon&Dragons プールオブレイディアンス,,2014/12/28
812,NES,ETC,すごろクエスト　ダイスの戦士たち,,2014/12/28
813,NES,ACT,つっぱりウォーズ,,2014/12/28
814,NES,ACT,ボンバーマンⅡ,,2014/12/28
815,NES,ACT,超人狼戦記ウォーウルフ,,2014/12/28
816,NES,TAB,新４人打ちマージャン　役満天国,,2014/12/28
817,NES,SPT,ベースボールファイター,,2014/12/28
818,NES,TAB,囲碁指南’９１,,2014/12/28
819,NES,ACT,ＪｕＪｕ伝説,,2014/12/28
820,NES,ACT,キャッ党忍伝てやんでえ,,2014/12/28
821,NES,ACT,ダイハード,,2014/12/28
822,NES,PZL,パズニック,,2014/12/28
823,NES,TAB,パチンコ大作戦１,,2014/12/28
824,NES,RAC,ファミリーサーキット’９１,,2014/12/28
825,NES,ACT,リトルマーメイド　－人魚姫－,,2014/12/28
826,NES,ACT,ダウンタウンスペシャル　くにおくんの時代劇だよ全員集合！,,2014/12/28
827,NES,RPG,おたくの星座,,2014/12/28
828,NES,ACT,ＳＤ刑事ブレイダー,,2014/12/28
829,NES,SHT,ロボッ子ウォーズ,,2014/12/28
830,NES,RAC,スーパースプリント,,2014/12/28
831,NES,ETC,マイライフマイラブ　ぼくの夢わたしの願い,,2014/12/28
832,NES,ACT,アルマジロ,,2014/12/28
833,NES,PZL,DE BLOCK(デブロック),,2014/12/28
834,NES,ACT,ドキ！ドキ！遊園地～クレイジーランド大作戦～,,2014/12/28
835,NES,RPG,ドラゴンウォーズ,,2014/12/28
836,NES,RPG,百の世界の物語,,2014/12/28
837,NES,RPG,ドラゴンボールＺⅡ　激神フリーザ！！,,2014/12/28
838,NES,SLG,Ａ列車で行こう,,2014/12/28
839,NES,SHT,クライシスフォース,,2014/12/28
840,NES,SLG,ロイヤルブラッド,,2014/12/28
841,NES,ADV,メタルスレイダーグローリー,,2014/12/28
842,NES,ACT,快傑ヤンチャ丸２　からくりランド,,2014/12/28
843,NES,ACT,ウエスタンキッズ,,2014/12/28
844,NES,ETC,ゲームデザイナー養成ソフト　絵描衛門(でざえもん）,,2014/12/28
845,NES,ACT,ドラゴンズレア,,2014/12/28
846,NES,ACT,へべれけ,,2014/12/28
847,NES,SPT,マリオオープンゴルフ,,2014/12/28
848,NES,RPG,イースⅢ　ワンダラーズフロムイース,,2014/12/28
849,NES,ACT,スパルタンＸ２,,2014/12/28
850,NES,ACT,バトルフォーミュラ,,2014/12/28
851,NES,RAC,中嶋悟監修Ｆ－１ヒーロー２,,2014/12/28
852,NES,ETC,ちびまる子ちゃん　うきうきショッピング,,2014/12/28
853,NES,RPG,からくり剣豪伝ムサシロード～からくり人疾走る～,,2014/12/28
854,NES,RPG,ＳＤガンダム外伝　ナイトガンダム物語２　光の騎士,,2014/12/28
855,NES,RPG,カオスワールド,,2014/12/28
856,NES,ACT,たいむゾーン,,2014/12/28
857,NES,ACT,特救指令ソルブレイン,,2014/12/28
858,NES,PZL,グレートディール,,2014/12/28
859,NES,TAB,モノポリー,,2014/12/28
860,NES,ACT,スターウォーズ(ビクター製),,2014/12/28
861,NES,RPG,ラディア戦記　黎明篇,,2014/12/28
862,NES,ADV,少年アシベ　ネパール大冒険の巻,,2014/12/28
863,NES,ACT,大工の源さん,,2014/12/28
864,NES,SHT,地底戦空バゾルダー,,2014/12/28
865,NES,TAB,パチ夫くん４,,2014/12/28
866,NES,PZL,みんなのたあ坊のなかよし大作戦,,2014/12/28
867,NES,SPT,燃えプロ！最強編,,2014/12/28
868,NES,TAB,アメリカ横断ウルトラクイズ　史上最大の戦い,,2014/12/28
869,NES,TAB,ファミコン囲碁入門,,2014/12/28
870,NES,SLG,ランパート,,2014/12/28
871,NES,ACT,スノーブラザーズ,,2014/12/28
872,NES,ACT,ロックマン４　新たなる野望！！,,2014/12/28
873,NES,ACT,平成天才バカボン,,2014/12/28
874,NES,TAB,ギミアぶれいく　史上最強のクイズ王決定戦,,2014/12/28
875,NES,ACT,つるピカハゲ丸　めざせ！つるセコの証,,2014/12/28
876,NES,ACT,ティーンエージミュータントニンジャタートルズ２　ザ・マンハッタンプロジェクト,,2014/12/28
877,NES,SPT,テクモスーパーボウル,,2014/12/28
878,NES,PZL,テトリス２＋ボンブリス,,2014/12/28
879,NES,PZL,ヨッシーのたまご,,2014/12/28
880,NES,ACT,アスミッくんランド,,2014/12/28
881,NES,ETC,アンタッチャブル,,2014/12/28
882,NES,ACT,ダイナマイトバットマン,,2014/12/28
883,NES,ACT,タイニートゥーンアドベンチャーズ,,2014/12/28
884,NES,ACT,パーマンＰＡＲＴ２　秘密結社マドー団をたおせ！,,2014/12/28
885,NES,ACT,バトルトード,,2014/12/28
886,NES,ACT,バナナン王子の大冒険,,2014/12/28
887,NES,SPT,ファミスタ’９２,,2014/12/28
888,NES,SLG,ベスト競馬ダービースタリオン,,2014/12/28
889,NES,RPG,モンスターメーカー　７つの秘宝,,2014/12/28
890,NES,TAB,東京パチスロアドベンチャー,,2014/12/28
891,NES,TAB,爆笑！！人生劇場３,,2014/12/28
892,NES,SLG,ＳＤガンダム ガチャポン戦士４　ニュータイプストーリー,,2014/12/28
893,NES,SLG,信長の野望　武将風雲録,,2014/12/28
894,NES,ACT,鳥人戦隊ジェットマン,,2014/12/28
895,NES,ACT,チキチキマシン猛レース,,2014/12/28
896,NES,SLG,バトルストーム,,2014/12/28
897,NES,ETC,ザ・ブルーマリーン,,2014/12/28
898,NES,ACT,ハドソンホーク,,2014/12/28
899,NES,RPG,ウルトラマン倶楽部３　またまた出撃！！ウルトラ兄弟,,2014/12/28
900,NES,RPG,ファミコンジャンプⅡ　最強の７人,,2014/12/28
901,NES,RPG,第２次スーパーロボット大戦,,2014/12/28
902,NES,RPG,がんばれゴエモン外伝２　天下の財宝,,2014/12/28
903,NES,ACT,ピザポップ,,2014/12/28
904,NES,SHT,太陽の勇者ファイバード,,2014/12/28
905,NES,PZL,ソロモンの鍵２　クールミン島救出作戦,,2014/12/28
906,NES,SLG,ビジネス　ウォーズ　最強の企業戦略Ｍ＆Ａ,,2014/12/28
907,NES,RPG,バーズテイルⅡ　THE DISTINY KNIGHT,,2014/12/28
908,NES,TAB,将棋名鑑’９２,,2014/12/28
909,NES,ACT,ギミック,,2014/12/28
910,NES,ACT,ドンドコドン２,,2014/12/28
911,NES,ACT,バッキー　オヘア,,2014/12/28
912,NES,RAC,Ｆ－１サーカス,,2014/12/28
913,NES,SPT,いけいけ熱血ホッケー部　「すべってころんで大乱闘」,,2014/12/28
914,NES,ETC,ネイビーブルー,,2014/12/28
915,NES,RPG,Advanced Dungeon&Dragons ドラゴンオブフレイム,,2014/12/28
916,NES,PZL,パズロット,,2014/12/28
917,NES,RPG,マジックキャンドル,,2014/12/28
918,NES,ACT,伝染るんです。　かわうそ　ハワイへ行く,,2014/12/28
919,NES,TAB,囲碁指南’９２,,2014/12/28
920,NES,SPT,ナムコクラシックⅡ,,2014/12/28
921,NES,SLG,ファイアーエムブレム外伝,,2014/12/28
922,NES,SPT,究極ハリキリ甲子園,,2014/12/28
923,NES,ETC,SUPER桃太郎電鉄,,2014/12/28
924,NES,ETC,それいけ！アンパンマン　みんなでハイキングゲーム！,,2014/12/28
925,NES,ACT,ＨＯＯＫ,,2014/12/28
926,NES,ACT,ＷＷＦレッスルマニアチャレンジ,,2014/12/28
927,NES,ACT,ハローキティワールド,,2014/12/28
928,NES,ACT,プラズマボール,,2014/12/28
929,NES,SPT,炎の闘球児ドッジ弾平,,2014/12/28
930,NES,ACT,ひらけ！ポンキッキ　,,2014/12/28
931,NES,ADV,舛添要一　朝までファミコン,,2014/12/28
932,NES,RAC,エキサイティングラリー,,2014/12/28
933,NES,ACT,わんぱくコックンのグルメワールド,,2014/12/28
934,NES,ACT,重力装甲メタルストーム,,2014/12/28
935,NES,ADV,ひょっこりひょうたん島　なぞのかいぞくせん,,2014/12/28
936,NES,TAB,麻雀大戦,,2014/12/28
937,NES,TAB,クイズプロジェクトＱ,,2014/12/28
938,NES,SPT,ＣＡＰＣＯＭバルセロナ’９２,,2014/12/28
939,NES,SLG,三国志Ⅱ　覇王の大陸,,2014/12/28
940,NES,ACT,まじかる☆タルるートくん２　まほうだいぼうけん,,2014/12/28
941,NES,RPG,エスパードリーム２　新たなる戦い,,2014/12/28
942,NES,ACT,ターミネーター２,,2014/12/28
943,NES,SPT,びっくり熱血新記録　はるかなる金メダル,,2014/12/28
944,NES,SLG,陰謀の惑星　シャンカラ,,2014/12/28
945,NES,ACT,聖鈴伝説リックル,,2014/12/28
946,NES,SPT,THE GOLF '92 (ザゴルフ９２),,2014/12/28
947,NES,TAB,パチンコ大作戦２,,2014/12/28
948,NES,SHT,Summer Carnical '92 烈火（サマーカーニバル）,,2014/12/28
949,NES,SPT,サンリオカップ　ポンポンバレー,,2014/12/28
950,NES,ACT,レッドアリーマーⅡ,,2014/12/28
951,NES,ACT,三つ目がとおる,,2014/12/28
952,NES,RPG,シルヴァサーガ,,2014/12/28
953,NES,ACT,闘魂倶楽部,,2014/12/28
954,NES,ACT,魔法のプリンセスミンキーモモ　リメンバードリーム,,2014/12/28
955,NES,ACT,高橋名人の冒険島Ⅲ,,2014/12/28
956,NES,SHT,エイセスアイアンイーグルⅢ,,2014/12/28
957,NES,RPG,ドラゴンボールＺⅢ　烈戦人造人間,,2014/12/28
958,NES,ACT,フリントストーン　THE RESCUE OF DINO & HOPPY,,2014/12/28
959,NES,ACT,ムーンクリスタル,,2014/12/28
960,NES,TAB,ギミアぶれいく　史上最強のクイズ王決定戦２,,2014/12/28
961,NES,ETC,ダービースタリオン　全国版,,2014/12/28
962,NES,ACT,スーパーマリオＵＳＡ,,2014/12/28
963,NES,ETC,１９９９　ほれ、みたことか！世紀末,,2014/12/28
964,NES,RPG,ナムコプリズムゾーン　ドリームマスター,,2014/12/28
965,NES,SPT,ゴール（ＧＯＡＬ）,,2014/12/28
966,NES,ACT,ミッキーマウスⅢ　夢ふうせん,,2014/12/28
967,NES,ACT,キャプテンセイバー,,2014/12/28
968,NES,ETC,シャッフルファイト,,2014/12/28
969,NES,ETC,スポット,,2014/12/28
970,NES,SLG,ベストプレープロ野球スペシャル,,2014/12/28
971,NES,SPT,トップストライカー,,2014/12/28
972,NES,RPG,ＳＤガンダム外伝　ナイトガンダム物語３　伝説の騎士団,,2014/12/28
973,NES,RPG,ダブルムーン伝説,,2014/12/28
974,NES,ACT,恐竜戦隊ジュウレンジャー,,2014/12/28
975,NES,ACT,トムとジェリー,,2014/12/28
976,NES,RAC,フェラーリ　GRAND PRIX CHALLENGE,,2014/12/28
977,NES,RPG,コロンブス　黄金の夜明け,,2014/12/28
978,NES,PZL,ヨッシーのクッキー,,2014/12/28
979,NES,ACT,タイニートゥーンアドベンチャー２　モンタナランドへようこそ,,2014/12/28
980,NES,TAB,囲碁指南’９３,,2014/12/28
981,NES,PZL,ちいさなおばけアッチコッチソッチ,,2014/12/28
982,NES,ACT,ロックマン５　ブルースの罠！？,,2014/12/28
983,NES,TAB,将棋名鑑’９３,,2014/12/28
984,NES,ACT,ワギャンランド３,,2014/12/28
985,NES,ACT,キョロちゃんランド,,2014/12/28
986,NES,ACT,ハローキティのおはなばたけ,,2014/12/28
987,NES,ACT,妖精物語　ロッドランド,,2014/12/28
988,NES,RPG,ジャストブリード,,2014/12/28
989,NES,ACT,バーコードワールド,,2014/12/28
990,NES,SLG,ＳＤガンダム　ガチャポン戦士５　バトルオブユニバーサルセンチュリー,,2014/12/28
991,NES,SPT,ファミスタ’９３,,2014/12/28
992,NES,ACT,熱血格闘伝説,,2014/12/28
993,NES,ACT,ウルトラマン倶楽部　怪獣大決戦,,2014/12/28
994,NES,ACT,グレイトバトルサイバー,,2014/12/28
995,NES,ETC,嗚呼！野球人生一直線,,2014/12/28
996,NES,ACT,ドラゴンボールＺ激闘天下一武道会,,2014/12/28
997,NES,PZL,サンリオカーニバル２,,2014/12/28
998,NES,TAB,ワイリー＆ライトのロックボード　ザッツパラダイス,,2014/12/28
999,NES,ETC,仮面ライダーＳＤ　グランショッカーの野望,,2014/12/28
1000,NES,RAC,Ｆ－１センセーション,,2014/12/28
1001,NES,ACT,悪魔城ドラキュラ,,2014/12/28
1002,NES,ACT,けろけろけろっぴの大冒険２　ドーナツ池はおおさわぎ,,2014/12/28
1003,NES,SPT,バトルベースボール,,2014/12/28
1004,NES,ACT,バイオミラクルぼくってウパ,,2014/12/28
1005,NES,ACT,バブルボブル２,,2014/12/28
1006,NES,SPT,めざせ！トッププロ　～グリーンに賭ける夢～,,2014/12/28
1007,NES,SPT,ＵＳＡ　アイスホッケー　ｉｎ　ＦＣ,,2014/12/28
1008,NES,ACT,スターウォーズ　帝国の逆襲(ビクター製),,2014/12/28
1009,NES,ADV,ぴょこたんの大迷路,,2014/12/28
1010,NES,ETC,カジノダービー,,2014/12/28
1011,NES,ACT,星のカービィ　夢の泉の物語,,2014/12/28
1012,NES,SLG,蒼き狼と白き牝鹿　元朝秘史,,2014/12/28
1013,NES,SHT,もえろツインビー　シナモン博士を救え,,2014/12/28
1014,NES,ETC,愛先生のＯＳＨＩＥＴＥわたしの星,,2014/12/28
1015,NES,SPT,炎の闘球児ドッジ弾平２,,2014/12/28
1016,NES,ACT,快傑ヤンチャ丸３　対決！ゾウリンゲン,,2014/12/28
1017,NES,SLG,ＳＤガンダム　ガンダムウォーズ,,2014/12/28
1018,NES,SPT,ウルトラマン倶楽部　スポ根ファイト,,2014/12/28
1019,NES,SPT,くにおくんの熱血サッカーリーグ,,2014/12/28
1020,NES,ACT,ジェットソン,,2014/12/28
1021,NES,ACT,ダックテイルズ２,,2014/12/28
1022,NES,ETC,ゴリラーマン,,2014/12/28
1023,NES,ACT,ジョイメカファイト,,2014/12/28
1024,NES,TAB,パチ夫くん５ Ｊｒの挑戦,,2014/12/28
1025,NES,ACT,マイティファイナルファイト,,2014/12/28
1026,NES,SPT,Ｊリーグファイティングサッカー　THE KING OF ACE STRIKERS,,2014/12/28
1027,NES,RPG,うしおととら　深淵の大妖,,2014/12/28
1028,NES,PZL,ぷよぷよ,,2014/12/28
1029,NES,ACT,ＦＣ原人,,2014/12/28
1030,NES,RPG,甲竜伝説ヴィルガスト外伝,,2014/12/28
1031,NES,RPG,ドラゴンボールＺ外伝　サイヤ人絶滅計画,,2014/12/28
1032,NES,PZL,クレヨンしんちゃん　オイラとポイポイ,,2014/12/28
1033,NES,PZL,クレヨンしんちゃん　オイラとポイポイ,,2014/12/28
1034,NES,TAB,パチスロアドベンチャー２　そろっ太くんのパチスロ探偵団,,2014/12/28
1035,NES,PZL,テトリスフラッシュ,,2014/12/28
1036,NES,ACT,幽☆遊☆白書　爆闘暗黒武術会,,2014/12/28
1037,NES,ACT,大工の源さん２　赤毛のダンの逆襲,,2014/12/28
1038,NES,RPG,ろくでなしＢＬＵＥＳ,,2014/12/28
1039,NES,ACT,ロックマン６　史上最大の闘い,,2014/12/28
1040,NES,ACT,バトルラッシュ,,2014/12/28
1041,NES,ETC,ＲＰＧ人生ゲーム,,2014/12/28
1042,NES,ACT,けろっぴとけろりーぬのスプラッシュボム,,2014/12/28
1043,NES,SPT,ファミスタ’９４,,2014/12/28
1044,NES,ACT,チップとデールの大作戦２,,2014/12/28
1045,NES,ADV,なかよしといっしょ,,2014/12/28
1046,NES,TAB,囲碁指南’９４,,2014/12/28
1047,NES,RPG,桃太郎伝説外伝,,2014/12/28
1048,NES,SPT,熱血！すとりーとバスケット　がんばれDUNK HEROES,,2014/12/28
1049,NES,ADV,ゼルダの伝説１,,2014/12/28
1050,NES,PZL,ワリオの森,,2014/12/28
1051,NES,RPG,ファイナルファンタジーⅠ・Ⅱ,,2014/12/28
1052,NES,SPT,J-LEAGUEスーパートッププレイヤーズ,,2014/12/28
1053,NES,TAB,パチスロアドベンチャー３  ビタオシー７見参,,2014/12/28
1054,NES,SPT,Ｊリーグ　ウイニングゴール,,2014/12/28
1055,NES,ACT,高橋名人の冒険島Ⅳ,,2014/12/28
1056,NES,ETC,ＮＨＫ学園 スペース スクール 小学校の算数４年生　上,,2014/12/28
1057,NES,ETC,ＮＨＫ学園 スペース スクール 小学校の算数４年生　下,,2014/12/28
1058,NES,ETC,ＮＨＫ学園 スペース スクール 小学校の算数５年生　上,,2014/12/28
1059,NES,ETC,ＮＨＫ学園 スペース スクール 小学校の算数５年生　下,,2014/12/28
1060,NES,ETC,ＮＨＫ学園 スペース スクール 小学校の算数６年生　上,,2014/12/28
1061,NES,ETC,ＮＨＫ学園 スペース スクール 小学校の算数６年生　下,,2014/12/28
1062,NES,ETC,JRA-PAT,,2014/12/28
1063,NES,ETC,野村のファミコントレード,,2014/12/28
1064,NES,ETC,野村のファミコントレード　(Ｖ2),,2014/12/28
1065,NES,ETC,新日本のファミコン　ホームトレード,,2014/12/28
1066,NES,ETC,住友　ホームライン,,2014/12/28
1067,NES,ETC,ファミコンフィットネス,,2014/12/28
1068,NES,ETC,スタディボックス,,2014/12/28
